Step,Fe-N94_dist,Fe-N95_dist,Fe-N96_dist,Fe-N97_dist
1,2.1771241861482737,2.177264300184903,2.1773122845126855,2.177451168528481
2,2.1788025375894895,2.1731649339702024,2.175532421433859,2.1772569095676046
3,2.181850383395847,2.1688905397283063,2.173562384963545,2.1784175679610223
4,2.1861403374907264,2.1646046251374065,2.171555661362857,2.1809119681804146
5,2.191501567166363,2.160492509730648,2.1696600041987963,2.1846877052769194
6,2.1977193803339543,2.1567207101383037,2.167992748959577,2.1896617979403956
7,2.2045357474697482,2.153406695230445,2.166627504360218,2.1957091246815232
8,2.211660314993279,2.150622477274058,2.1656060826538437,2.2026619106326844
9,2.2187919539094794,2.148410199593874,2.164949765899179,2.2103129617793775
10,2.22563867105055,2.1467962045140805,2.1646683650229455,2.218413539270862
11,2.231936236702135,2.145802542337225,2.164775462823324,2.2266672256661546
12,2.2374800164044197,2.1454675488066393,2.165308779914903,2.234751504812752
13,2.242139597486797,2.145792710711176,2.1662959186323816,2.2423506129576
14,2.245866391510586,2.1467500131701502,2.167755360778845,2.249179670059489
15,2.24869388379213,2.148281707891381,2.169689291078373,2.255025363694754
16,2.2507189388963207,2.1503199869299405,2.172073899161418,2.2597670795210365
17,2.2520906438467807,2.1528099115406407,2.174847972221859,2.2634007053120437
18,2.2529872356161826,2.155733497325938,2.1779061860456923,2.266019902474972
19,2.2536084096580775,2.1591391867055774,2.181120197220154,2.267803487768265
20,2.2541581922050247,2.16313638392264,2.1843785091562804,2.2689786397551863
21,2.255658882748576,2.1686971486393993,2.1881960619206615,2.270682357052963
22,2.2572749133059733,2.175153602234708,2.192323462905347,2.2720994466041002
23,2.2591503408866105,2.182369220777955,2.1970666370290237,2.27344036568505
24,2.2613569697165583,2.1901576827257667,2.202654427175943,2.2749702676156716
25,2.2640149641875715,2.1981561501442872,2.2088399124656974,2.2768605661165786
26,2.267236348716467,2.2059441465269267,2.214916063490851,2.2791333997388374
27,2.2711501380062606,2.2126172688215533,2.2194096252634865,2.2818712452770846
28,2.2752295134493674,2.2176740185082187,2.2215402808723703,2.2846658929753314
29,2.2795403755157233,2.221181036315334,2.2210153408198003,2.2875162526084796
30,2.2843582300422396,2.2231699817616275,2.2180694325933157,2.29077719205461
31,2.2895227940788954,2.223533755851141,2.212668233816712,2.294343716316611
32,2.2945112081978363,2.221670791475251,2.204479580651779,2.2977425225693637
33,2.2991245283362716,2.21738687396763,2.1935723903823807,2.300888935530886
34,2.3032066353125575,2.2107021520216974,2.1801869937930167,2.303649654436307
35,2.306601836063594,2.20169884533176,2.1646113744317685,2.3058685080439925
36,2.309166425714386,2.1905153623198674,2.147178452743917,2.307368770303181
37,2.3107761950440895,2.177335494322661,2.1282729953572805,2.3079618380217153
38,2.311334652825923,2.162358944910102,2.10835082923458,2.3074605802885677
39,2.310771503609717,2.145778182993944,2.087922681471982,2.305687400957675
40,2.3090448850598806,2.1277871202127367,2.067567261317111,2.302502912882342
41,2.3061545397077343,2.108620417477541,2.0478803414674074,2.2978075948180585
42,2.3021347111777652,2.0885991510381965,2.0292955867819757,2.2914921936590034
43,2.2970036765461117,2.067968528055896,2.01199465069427,2.2835118135957915
44,2.290795774323066,2.0470589675796345,1.9960079593809639,2.27388989919691
45,2.283562741835475,2.0262748367745536,1.9813466225461167,2.2627058575971404
46,2.2753707664689657,2.0060580980977645,1.968121569729563,2.2500848928541908
47,2.266310644988016,1.9868969250610522,1.9565898515917683,2.2361950858636277
48,2.256478764210566,1.9692492685084155,1.9470529267554522,2.2212045288344897
49,2.2459696757464624,1.953561016866232,1.939866607004558,2.2053082075915937
50,2.234866918461279,1.940233623434821,1.935384965433828,2.188711945515658
51,2.22323063242278,1.9295929012358246,1.9339405572804629,2.1716469391163007
52,2.211199140506765,1.9218726693184933,1.93572947361421,2.1543793014738304
53,2.1988136025559393,1.9171471213827946,1.9409695708950296,2.1371387818335523
54,2.1860757422810995,1.9152909704549483,1.949796485197372,2.120143296688911
55,2.172949702666192,1.9160077021143465,1.9622452544497297,2.1035938202774833
56,2.1593654480728035,1.918924308005819,1.9782049881168149,2.0876713495945047
57,2.1452271875964333,1.9237212875533019,1.9973537536751553,2.072537053489556
58,2.1304359456602864,1.930227483658202,2.0190788829437087,2.0583319695575724
59,2.114917137186388,1.9383881206695865,2.042465849781294,2.0451707403415256
60,2.098635497060384,1.9481501340338836,2.0664514634372155,2.033122659438151
61,2.0816086637116937,1.9593711078985925,2.090179443288175,2.0222037863200937
62,2.063929469699462,1.9717696616233331,2.1132905807309803,2.0123914656076454
63,2.046138863965599,1.984957476101671,2.135866558856747,2.0042183620381375
64,2.0284618761197266,1.9984988885248238,2.1580096035174745,1.9976071284134662
65,2.0111599715572317,2.0120106894168073,2.1797092535602203,1.9924255047719295
66,1.9945448092687015,2.0249606971598504,2.2008394943036365,1.9885458401765457
67,1.9789397381634093,2.0368608550135208,2.2211939176283293,1.9858190541321274
68,1.9646425081362249,2.047333524815312,2.2405291535739105,1.984116108130442
69,1.9519160725580067,2.0561164359245403,2.2586146288749562,1.9833267862702455
70,1.9409860020128864,2.0629581087079,2.2752467218716266,1.983354433887481
71,1.9320315442615565,2.067681219928652,2.2902879277991266,1.9841297565382194
72,1.924415415752948,2.0701511031429467,2.3036296996853167,1.9850797900373374
73,1.9183002145906696,2.0703903219661854,2.315177679098014,1.9861875880880968
74,1.91376850552295,2.0685065444518718,2.324835835499953,1.9874396094460922
75,1.9108431863932016,2.0647033382343816,2.3324826541553723,1.9888337858617307
76,1.9095247920227554,2.0592849133574043,2.337969360322939,1.9903880516915866
77,1.90978420501488,2.0526114135200006,2.341148057278119,1.9921208995538233
78,1.9116372602788272,2.045050146070859,2.3419536657481728,1.994129244671669
79,1.915731845466588,2.0368634272887243,2.340444370502656,1.9967616527931358
80,1.9215366737336703,2.0284201638424073,2.336923909081203,1.9998726535901024
81,1.9293194177541055,2.01957568488442,2.3317211714511337,2.0034183088102715
82,1.9380791069580858,2.010343106121901,2.325073341577175,2.0069756490458603
83,1.948157836678156,2.0006412317756226,2.317099886097356,2.0107337180425437
84,1.9592277256831039,1.9904448173582447,2.307868910829842,2.0145199869251
85,1.970948779796018,1.9797716716172085,2.2974338435489607,2.018156477212684
86,1.982994102125147,1.9686918204666835,2.285882074560442,2.021472070423371
87,1.995063017486276,1.957311028533433,2.273328244844084,2.0242977862706133
88,2.006894822804781,1.945757384622108,2.2598949943745184,2.0264651854895894
89,2.018286153359137,1.9341865313536468,2.245706165029575,2.027815798487462
90,2.0290928034562743,1.9227785012622507,2.23088009681186,2.028210461368701
91,2.0392298523829053,1.9117285807420408,2.215522573929767,2.027533103272942
92,2.0486618727049755,1.9012706725381743,2.199719494875106,2.025721617480433
93,2.057415646303213,1.8916321203099533,2.1835642547178633,2.022739672443168
94,2.0655530886301032,1.883022489186605,2.1671458800032104,2.0185993087142413
95,2.0731563072016423,1.8756149499787107,2.150565214149,2.0133735909393846
96,2.0803116903334806,1.8695056539111141,2.1339430664702013,2.0071820399644302
97,2.087108206916944,1.8647161012387612,2.1174305382706264,2.000190242184371
98,2.0936349875270492,1.8612037536922026,2.1011717542153026,1.9925919642336327
99,2.099968405019212,1.8588750434183352,2.0852378694142737,1.984600445895694
100,2.106169177884384,1.8576300568712387,2.069600419059877,1.9764389845663088
101,2.112282287702551,1.857379166159002,2.0541551322215827,1.9683272942787287
102,2.1183219630288237,1.8580538753734257,2.03877325052283,1.9604905311720895
103,2.12428515889482,1.8596103187921007,2.0233660253342958,1.9531367775920294
104,2.1301489176429813,1.8620207908150876,2.007898737904768,1.9464503466259593
105,2.135872156958043,1.8652699544849118,1.9923975949809412,1.9405788353583089
106,2.1414024285065305,1.8693565985046348,1.9769525338151426,1.9356373961782276
107,2.1466747592665123,1.8742824778326255,1.9617071961177577,1.9316998883687904
108,2.151612534911127,1.8800384361233045,1.9468439666835005,1.9287963282875653
109,2.156145525454039,1.8866107682808817,1.9325966466940956,1.92691654766481
110,2.1602113849633215,1.8939678155684843,1.9192369773570068,1.9260090274257398
111,2.163763177461116,1.90205166461897,1.9070743937066104,1.9259805094737659
112,2.1667886691066327,1.910827547967339,1.8965516589663864,1.926205616142961
113,2.169288250284616,1.9201457832173034,1.888011958024199,1.9270438943262078
114,2.1712619631368653,1.9298662432333582,1.8819592763171165,1.9283536632000036
115,2.172745929529733,1.9398132835233994,1.8789303000319517,1.9299834856280516
116,2.173801876102394,1.9497722562881876,1.879444991612711,1.9317828780233133
117,2.174492034326171,1.9594904065884962,1.8838692379819684,1.933624630754253
118,2.1748671691913404,1.9686943836689244,1.8922880037078396,1.9354110401982676
119,2.174967305262302,1.9771170147094783,1.904415182833144,1.9370829380763899
120,2.174821859122456,1.984517605498541,1.9196524867909692,1.9386152522332005
121,2.1744379642207523,1.9906930397269875,1.9372411146994555,1.9400304779338475
122,2.1736908743477166,1.9956086817263896,1.9560647558968627,1.9413458592368256
123,2.172539232711486,1.999234462554604,1.975443226635893,1.9427486234284077
124,2.1708258939495217,2.0014761771492657,1.994656279709714,1.9442153024247262
125,2.1687228570958776,2.002060054786023,2.013330181077737,1.9459848761395548
126,2.166193769583935,2.00098159738831,2.030919384287686,1.9482066403621567
127,2.163202146601342,1.9982980378780455,2.0469577067614324,1.9510335548131454
128,2.1597185843385094,1.994129335190457,2.0610785080752,1.9546115770095709
129,2.1557293784799567,1.988660372861863,2.0730287820241133,1.9590776014834812
130,2.15124494531817,1.982132545682901,2.0826813013596297,1.964549525764753
131,2.146315001961589,1.974828531584471,2.090054204811872,1.971121308924067
132,2.141038562302432,1.9670531892601144,2.0953113348700243,1.9788698044016833
133,2.135530856775212,1.959073499241482,2.0987568169945967,1.9878295324549475
134,2.1299376047142875,1.9511236419633298,2.100837192974462,1.9980009929991582
135,2.1244269028064946,1.9434064497608217,2.1021119872863596,2.009342981105363
136,2.1191812077938934,1.9361098139138628,2.1031261913047343,2.021775861219738
137,2.114381178844302,1.9294133178788437,2.1042642812226706,2.0351835203475517
138,2.110197447338756,1.9234869169729831,2.105627315837772,2.0494151307388875
139,2.106781884810394,1.918480626814878,2.1070668858661077,2.0642847077132043
140,2.104265342290102,1.9145258108910659,2.1083755257610624,2.079583480287333
141,2.102750604794167,1.9117239197060627,2.1094107019470996,2.0950814837190594
142,2.1019739423446144,1.9100796681412329,2.1101924229808833,2.1103614451418413
143,2.1022935100579665,1.9096631058696436,2.1106888777127515,2.1253377221824845
144,2.103734856577867,1.9105127470526861,2.1109528215767943,2.1398037284532703
145,2.1062751668655353,1.9126192506704378,2.1110686229364295,2.1535430457780755
146,2.109862713121685,1.9159565461512147,2.1111289801034157,2.1663489570710905
147,2.1144241404164035,1.920489826115563,2.1112190997377662,2.178024574145756
148,2.119861253983883,1.9261580264369504,2.1114111823835144,2.1883750165211455
149,2.1260593230759266,1.9328788389997311,2.111763011164188,2.197220762393708
150,2.1328906094307434,1.9405277650818114,2.1123067036155145,2.204400230003966
151,2.1402224267179126,1.94892145365264,2.113035779477847,2.2097747280817157
152,2.1479209607147522,1.9577898407256575,2.1138873164906116,2.213227678775465
153,2.1558660996377,1.9667880351322178,2.1147312766361526,2.2146809437967114
154,2.1639534651987926,1.9755122553363105,2.115359315761935,2.214094364203443
155,2.1721047679755885,1.9835497753093847,2.115534331336377,2.2114739243994976
156,2.180261184838375,1.9905349250983198,2.1150775815754796,2.2068732401328504
157,2.188388789799224,1.9961940362887418,2.1139206684265637,2.2003950173874256
158,2.1964669686977425,2.000372622357289,2.1120734430100843,2.1921835665878113
159,2.204481308473247,2.003039975969682,2.109557283125102,2.182409678620128
160,2.212418610324605,2.0042741302443288,2.106390623022218,2.17126322277945
161,2.220264602517326,2.004245000840318,2.1025958125808106,2.1589499585292415
162,2.2280009697528182,2.003195068335766,2.0982200103315605,2.1456871383788787
163,2.2355840657870485,2.001408748304724,2.0933361896559295,2.131696798539441
164,2.2429516649950463,1.999200357497161,2.0880451855834967,2.1172033051446597
165,2.25001320872697,1.9968911985587725,2.082460504813294,2.1024244262523877
166,2.2566541442793753,1.9947968487864314,2.0767120993542805,2.0875742733366764
167,2.262738413145327,1.993194817344526,2.070926009478007,2.0728522183630314
168,2.268116160673758,1.992304397787727,2.0652240757899922,2.0584356555177203
169,2.272631853418392,1.9922689971711218,2.0597152743466927,2.044479484144336
170,2.2761250373260435,1.9931514155003165,2.0544882545638994,2.031110683488838
171,2.2784418037985863,1.9949565139256784,2.0496211142538683,2.0184286013144632
172,2.279541364709998,1.9975600829420364,2.045237115416862,2.0062701582698095
173,2.279320500066271,2.0008977905728647,2.041445517817204,1.9946504414074013
174,2.2777155965612463,2.0048847547319357,2.0383617902118214,1.9835652184275823
175,2.274699552033943,2.0094188117009333,2.036031875747421,1.972997158239829
176,2.2702887390519284,2.014376292104494,2.03441528321577,1.9629429899256696
177,2.264531863006368,2.0196302381849303,2.033417579052036,1.9534190407378371
178,2.2574988842454085,2.025047966561089,2.0328865779869454,1.9444577723192003
179,2.249352577105291,2.030473190603718,2.0326659070297786,1.9361729121006397
180,2.240306748002629,2.035744020706739,2.0325994393877203,1.9287362544598894
181,2.23061791420209,2.040703559959405,2.0325433330620433,1.922365474928388
182,2.2204666704442233,2.0452300574002806,2.0323696518609764,1.9172620580632287
183,2.2101602230517456,2.049229518273703,2.0319865548938942,1.913601326423619
184,2.200012977945652,2.0526432049806065,2.03134344179841,1.9115423878839137
185,2.1903318123810553,2.055446424524041,2.03042632013558,1.9112178387779137
186,2.181400051139392,2.0576328091240748,2.0292599205967132,1.912714861899069
187,2.1734703922443757,2.059227526520226,2.0279213541670367,1.9160746685214816
188,2.1667599538909603,2.0602782840473446,2.0265354911986346,1.9213031838720267
189,2.161429005663675,2.060838291346613,2.025313008602032,1.9283526496399637
190,2.157601454301332,2.0609753554640564,2.0245265034742683,1.9371486634930755
191,2.155339284936812,2.0607290665571294,2.024541012392588,1.9475846829449457
192,2.1545611053620206,2.0599679753883713,2.0255743459110405,1.959587459489659
193,2.1552504887443,2.058668114134678,2.0279780608033446,1.9730248520346403
194,2.157351142734197,2.0567972343597205,2.0319212800952604,1.9877455704201645
195,2.160768821540021,2.0543274954731445,2.0373096233157924,2.00357557650431
196,2.1653793385010753,2.0512417356386705,2.043814283225705,2.0203275009054673
197,2.1710296396238102,2.047537472229825,2.0509869377697103,2.0378063754917908
198,2.1775432582538925,2.0432393493956047,2.058375622044558,2.055813573343481
199,2.1847296402976215,2.038420326685006,2.0655932217785153,2.074155629025026
200,2.1923883028281974,2.033202703229426,2.072328464481381,2.0926575680324593
201,2.2003009241682623,2.0277193467958816,2.0783168929390268,2.111127986986928
202,2.208260556921214,2.0220187513837584,2.0833336773465154,2.1292264999907005
203,2.2160252274439594,2.0162662099119313,2.0872207604621997,2.146750656670951
204,2.2233918862904782,2.0106361120452703,2.089897317968378,2.1635194869338292
205,2.230187966780312,2.005281037628321,2.091349567662867,2.1793784418478
206,2.236375278303822,2.000546325700776,2.091733915156351,2.1944304545213305
207,2.2417211703895976,1.9960355991453,2.091119707375903,2.2084634714993925
208,2.246151567421433,1.9917867746105549,2.0896449561149852,2.221414313951768
209,2.249629808887448,1.9878230168065785,2.0875421071549174,2.233237563458872
210,2.2521437232923813,1.9841665940003628,2.0851601454914057,2.2438946925454757
211,2.253703459318804,1.9808501322737986,2.0829816437784716,2.253361811371398
212,2.2543360560228454,1.978049396008766,2.081600073180583,2.261691051781929
213,2.2540568947743203,1.9758156619186118,2.0817053290566716,2.2688851488205217
214,2.252875011776192,1.974202832846209,2.0838835391986184,2.274961311430279
215,2.250791851765936,1.9732633980406349,2.088327216934373,2.2799449788396604
216,2.2477963219345645,1.9730441441775117,2.094681850105579,2.283862773103607
217,2.243876268042379,1.973587104949925,2.102228250521771,2.2867465234734214
218,2.2390236997050907,1.9749248866531628,2.1101789254731487,2.2886310087315374
219,2.23324496983003,1.9770786478480145,2.1178611970552943,2.2895568684659544
220,2.2265643142219353,1.9800546275690984,2.1247468085153325,2.289573189204159
221,2.2190216404415137,1.9838375767983856,2.1304409228726,2.2887337325738137
222,2.210714265055307,1.9880504359775306,2.1348928759494883,2.2870978225983754
223,2.201675874738364,1.99290966434822,2.137657627970382,2.2847419972986995
224,2.191992503545995,1.9982444897629326,2.1385938937325717,2.281739532417801
225,2.1817617142859262,2.0038390897635043,2.1376282869189365,2.278174942508183
226,2.171084387860153,2.009468068698798,2.134757374402952,2.274140570766346
227,2.160057302252366,2.014924578242463,2.130050932163683,2.269737067605199
228,2.148770164495347,2.0200462127367818,2.123659420028121,2.265067312887878
229,2.1372972487743924,2.0247122395017567,2.1158009607409602,2.260229302611719
230,2.1257089891004854,2.028853020458509,2.106763514247268,2.2553161868582583
231,2.1140713347880453,2.032444092070195,2.09686709656771,2.2504086169093793
232,2.1024205257368602,2.03541353660058,2.086316646511648,2.2455309003737622
233,2.090829479645293,2.0378191736425437,2.0753837774639816,2.240738586331855
234,2.0793773053649955,2.039767801634471,2.064277500736036,2.2360669912126947
235,2.0681464027706955,2.0413832432103938,2.0532541051613586,2.2315307700277756
236,2.057208601308749,2.0428062083958873,2.0426847655872105,2.2271235675734884
237,2.0466316914491745,2.0441770572550766,2.0330082812730996,2.2228149869907456
238,2.0364766509526357,2.0456036034653633,2.0246490269691924,2.218558263405105
239,2.0267961895595814,2.04716157151511,2.0179535962549857,2.2142936317981845
240,2.0176269392457225,2.048919903876147,2.013160014947359,2.2099656209033194
241,2.008997307416476,2.0509906452930973,2.010394838664376,2.2055167952246575
242,2.0009034282386824,2.053344350766075,2.0095449534636756,2.2007830808200413
243,1.9933508075908064,2.0561099469357664,2.0105883039813888,2.1957246497264795
244,1.986338412415282,2.05955218694905,2.0135848852346117,2.1904539537959367
245,1.980110317957212,2.063752266120356,2.018524346574072,2.1849861571300093
246,1.9747018686393136,2.0687050527122035,2.025159754690162,2.1793494909888205
247,1.9701536712051313,2.07437124148216,2.0331786494841126,2.1735985022960205
248,1.9665098706123982,2.0806885947889486,2.0422175087702183,2.1678113913775237
249,1.9638129317910407,2.087575062894109,2.0518909473084097,2.162086147351836
250,1.962100619542842,2.094941239951056,2.0618465962674484,2.156534197458569
251,1.9614009955078768,2.1026949547661546,2.07180270218994,2.1512667645725765
252,1.9614373085858665,2.110993007253477,2.081521968579207,2.1464456672224
253,1.9622015741869232,2.119745520339375,2.090753589619806,2.1422012364396044
254,1.9636801471123548,2.128945733799226,2.099034244819641,2.1386144988556985
255,1.9658546329935607,2.1385960824878505,2.1058683137475076,2.135743302965009
256,1.9687452311910316,2.1487151843724637,2.11070737142547,2.1336358923703043
257,1.9723432496569755,2.1592940000534675,2.1131249926523217,2.1323158591732128
258,1.976572995015468,2.1701785562306575,2.1128490338683137,2.1315810764474685
259,1.9818381574506456,2.1808316271049364,2.109410775872578,2.131478376380669
260,1.9881044086707065,2.191001999230869,2.1027700483585354,2.1319555541093935
261,1.9949225847428396,2.200842037156084,2.093376264265424,2.132897689071279
262,2.0023197147643694,2.210017153535517,2.081399102200132,2.1340751880134263
263,2.010145943605961,2.2184294289460045,2.0673062316674904,2.1356028945970946
264,2.018305518196292,2.2259438802066414,2.0515923641786236,2.137429184416931
265,2.0266952582586337,2.2324740573114683,2.0348655780752414,2.1395033167602
266,2.0351996986408256,2.2379817026808957,2.017827579562917,2.141785999288996
267,2.043702947172102,2.2424459545271063,2.001277594932026,2.1442578385289552
268,2.0520770006081643,2.2459321692909877,1.986028356256072,2.1469016914986514
269,2.060203211197048,2.2485433957846155,1.9728749092156912,2.1496989144069287
270,2.06796313087146,2.2504466991886227,1.962422535771187,2.152671477821385
271,2.075244334865914,2.2518905500193824,1.9549340742893453,2.155866114321427
272,2.0819838421992993,2.253075918292561,1.949826648572031,2.159255240277645
273,2.088078814935398,2.254396089527933,1.9467080265641603,2.162933158621747
274,2.0934237028171943,2.256214324362239,1.9450895336306304,2.167002390922927
275,2.0979093519062344,2.25874417564988,1.9445145286476575,2.171563259558756
276,2.101420213037124,2.2619625676360595,1.944598952250204,2.176704420542467
277,2.1038452306976563,2.2656354979374935,1.9450465263857337,2.1824969811964623
278,2.1050812294732677,2.269420616097481,1.9456344946501394,2.1889843033721603
279,2.1050479798850232,2.272967147787368,1.9462046076016764,2.1961794113338233
280,2.103805169435199,2.2760597600968575,1.9471381339839735,2.2041922459554955
281,2.1013207824483597,2.2784807450669824,1.9483840368523724,2.212968832616624
282,2.097458745707131,2.279997071763213,1.949361957642755,2.222254114995798
283,2.0922412872367175,2.280518833981941,1.9500408260243889,2.2319101762764455
284,2.0857194258131426,2.280018936692838,1.9504179546064349,2.241769828600492
285,2.0779679736818033,2.278534908108727,1.9505174911317111,2.251649336452427
286,2.069082841074373,2.2761750338982725,1.9504010185168494,2.261362532342467
287,2.0591717967161887,2.2731206190018236,1.9501528096176899,2.2707213792846046
288,2.0483851594790194,2.269572146586612,1.949899506066817,2.27957111405683
289,2.0369530483669074,2.2655507280219656,1.9498855962079957,2.287831775977886
290,2.0249584990602414,2.2618654753955174,1.9506416228018622,2.295612069857828
291,2.012718520401725,2.2584630653457998,1.9522002376194205,2.302648207112625
292,2.000275291089977,2.255616044699936,1.9549776770244325,2.3087960670009475
293,1.9877604242065283,2.253395542760432,1.9589301192445943,2.3140045247925864
294,1.975298756280516,2.251897673750369,1.9639846826391234,2.3182988702620855
295,1.963143320582089,2.2506406946219646,1.9691980639540303,2.3215024621507068
296,1.9513481788964309,2.2496788337536193,1.9743258586399266,2.3239027825908423
297,1.9401702482743,2.2484502382535574,1.9787034910326262,2.325392887034035
298,1.9296856480302949,2.246665921675478,1.9821930898955056,2.326004024390745
299,1.9199850066898017,2.2446377929705994,1.984724959043396,2.326049792800523
300,1.9113019131251991,2.2419331480209435,1.9858409213911852,2.3254674162541225
301,1.903690173191872,2.238404987236323,1.985647160249102,2.3243516924123506
302,1.8972839319903585,2.234121150326177,1.983975789660102,2.3227553723402963
303,1.892171518977988,2.229105325642531,1.980890658658404,2.3208004286520736
304,1.8884341046207263,2.22343851383016,1.9765350298033184,2.318609339402849
305,1.8861367495987187,2.2172745186834857,1.971082869377584,2.3162829979203208
306,1.8854116039450541,2.2108715322873707,1.9648831298540994,2.3140495246759527
307,1.8862910658988719,2.2044886501679444,1.9583077578040908,2.311976922851226
308,1.8886736121588248,2.198352987038392,1.9517515952092348,2.309971285298907
309,1.8924965597802261,2.1927430729052726,1.9456864921823342,2.3080594318241117
310,1.8977789022492872,2.187873521845825,1.9405784011625786,2.3063906068880295
311,1.904394134560565,2.1837238953954303,1.9367143571079455,2.304977513811811
312,1.9118824581771814,2.1803463880881933,1.9342609321814495,2.3037684475278577
313,1.919994625161431,2.1774109698380775,1.9330914021853567,2.302743110507161
314,1.928757978100796,2.174541112418491,1.9330956375782429,2.3019493040665884
315,1.9379169643877985,2.171456171566816,1.9340872475680677,2.3014012784784486
316,1.947174312775824,2.1677934929877374,1.9358388968276712,2.301103885697971
317,1.9563788644982592,2.1633359690850917,1.9383496610218491,2.3010853619805522
318,1.9654990950533702,2.15797065746611,1.9414794879475021,2.301374295408768
319,1.9744474866861592,2.1516151843105926,1.9455575519937127,2.302033135787275
320,1.9831483188978278,2.1442367897592867,1.9506942596759218,2.303052588050219
321,1.9916147103303978,2.1358594629107084,1.9569310018998434,2.3043842598328577
322,1.9995650761523414,2.126570740035944,1.9644440909422978,2.3058754391033545
323,2.0074175161253955,2.1165413680010037,1.9730790191836782,2.3075323865514057
324,2.0152958135972865,2.106012982752276,1.9827777819090553,2.309263839978234
325,2.0233359029886135,2.095321911186081,1.9933768249719297,2.310947545154479
326,2.0316843279342143,2.0848645843234332,2.0046114610758563,2.3124537702496446
327,2.040486448189574,2.075064365936259,2.0160875791963555,2.3136340262552975
328,2.049868502149694,2.0663056724013638,2.027324876347277,2.3143256154795893
329,2.059928648542757,2.058863558803333,2.0378887228420184,2.314354284618797
330,2.0707288727677353,2.0528668816250772,2.0475680237592497,2.3135471061225528
331,2.082286766258619,2.048321257417153,2.056476951075449,2.311749719298479
332,2.094210543099268,2.045296267456387,2.0648316636394233,2.3087760334557914
333,2.106493657807578,2.043573023786936,2.0730839698844363,2.304549262643555
334,2.1193138183897817,2.0431125245231416,2.08169361997041,2.299136230810405
335,2.132623760334702,2.044327125427339,2.0915884037163215,2.2930041946383293
336,2.146192676756782,2.047177418769606,2.1028423912583234,2.28625234919406
337,2.159613176664233,2.0511391779168715,2.1147622221518465,2.2786077872703157
338,2.1725431205405936,2.056175044253805,2.1271862288346903,2.2702357750401676
339,2.1846094879166045,2.0621950750104254,2.1400237668442035,2.261352033536933
340,2.195294920507512,2.0691515840811263,2.153040108285572,2.252113076921839
341,2.204495057684735,2.0768604575413065,2.165909319463888,2.242779453085071
342,2.21192854803851,2.0852616458151605,2.1782664504914213,2.233572999919262
343,2.2173936796915084,2.094331729797073,2.189703900699238,2.2247137674488378
344,2.2208209479169345,2.1041170314882645,2.199823978307458,2.2164492115129417
345,2.2223506661789805,2.114753255750315,2.2083610364832986,2.2090983116256386
346,2.2224380803073216,2.126493436710464,2.2153550711881738,2.2031422222700194
347,2.2217396103798976,2.139577401583534,2.221142069370099,2.1991191548432347
348,2.2197041593368474,2.1531930471702783,2.225197103057131,2.1964201198316773
349,2.2158126312956816,2.166355683584995,2.227051033790351,2.1943925638473436
350,2.210191686437093,2.1785119585517325,2.226729234307808,2.192859207652565
351,2.2031268065533434,2.189253265525781,2.2243165454845015,2.191714280689056
352,2.194961520685617,2.198297283387461,2.21989099855769,2.1908642296651966
353,2.186068043641543,2.20545687312621,2.2135273134337874,2.1901997172471965
354,2.1768366318974777,2.2106376072857072,2.205323782574114,2.1896070451004377
355,2.167660926574892,2.2138293340537993,2.195426111327631,2.1889727114271653
356,2.158923796782197,2.2150925165831246,2.1840378546607804,2.1881920709554015
357,2.150987690449746,2.214565604657603,2.1714369656693657,2.1871848405329235
358,2.1442278980300995,2.212506965970887,2.1580030797833096,2.1859565690982308
359,2.139158688311988,2.209460628936567,2.1443380227955227,2.1847731679813776
360,2.1364513832022176,2.206285872278843,2.1312424889014925,2.184218887190507
361,2.136319541775976,2.203367219467034,2.1191351017134146,2.1844594728447926
362,2.138587931744345,2.2006402651182504,2.1081406983819773,2.1852887692644187
363,2.1430520104833786,2.1980103303568423,2.098368580423837,2.1865189166972967
364,2.149560624445489,2.1954853663098266,2.089991132093365,2.188104654971897
365,2.1580088939709787,2.193198087742984,2.0832020754877925,2.190134670869296
366,2.1682844538933908,2.1913249986704817,2.0781513896772568,2.1927295333962418
367,2.1799347141256,2.189691068261227,2.074724088329059,2.195639555302579
368,2.1920946020685457,2.18769990273532,2.0725369298085408,2.1981653048777905
369,2.204082503652951,2.1849930452532824,2.0712847800996164,2.199850583872785
370,2.215462892042645,2.181468168861335,2.070754732098231,2.2005165207676027
371,2.225936964580131,2.1771300087200185,2.0707672753092385,2.2001033611973813
372,2.2356548649075996,2.172475304143979,2.071777630248133,2.1989415463816657
373,2.244491154274027,2.167583313428465,2.0736111470984153,2.197075869220697
374,2.2523900373044596,2.1625409316234423,2.0760971299995816,2.194582717131327
375,2.2593592263623576,2.157433658587388,2.079074339766274,2.1915557647519344
376,2.2654638040199213,2.1523340434614364,2.0824028872213574,2.188102293093144
377,2.270826220507881,2.147290470943679,2.0859833401590877,2.1843313680566037
378,2.275616176652524,2.142314432846565,2.0897612127097194,2.180345368710832
379,2.2800427096502505,2.1373940846052752,2.0937297946717797,2.176236082406239
380,2.2843465088333215,2.1325251261728333,2.097914213692073,2.1720797253846054
381,2.2887854695070606,2.1277627528752068,2.1023328899702465,2.167938746002293
382,2.2936296728376355,2.123233555841153,2.106970780942707,2.163878444769488
383,2.299125185784747,2.119102342269691,2.1117236569163094,2.1599535162425134
384,2.3054805749676017,2.115523029895335,2.1164294098905194,2.1562183061808606
385,2.3128510443028363,2.112602864787536,2.1209051018166063,2.1527346571499204
386,2.321330811152642,2.1103955409897392,2.1249907912952386,2.1495555003830944
387,2.3309514878628885,2.108902636814875,2.128574259049005,2.146727725982338
388,2.3416925069337022,2.108090759856225,2.1316078594319867,2.1442803501669836
389,2.3534754701291636,2.107896268379848,2.1340973379112227,2.142228521757952
390,2.3661711165262997,2.1082440047237454,2.136098567236864,2.1405692873681015
391,2.3796105583959055,2.1090464472178407,2.137716477855849,2.139278578313205
392,2.3932785474108234,2.1096743022860687,2.1390259840762633,2.1382965396794544
393,2.406978146549357,2.1100500127306314,2.140231298184876,2.13759765685931
394,2.420524426043748,2.1101187602040907,2.141575238895206,2.1371497647387825
395,2.433751391271014,2.1098547882945695,2.143334174614721,2.1369117767695625
396,2.446522007126039,2.109276970271004,2.1458017682616215,2.1368378105766355
397,2.4587345016439426,2.1084500890337505,2.1492587789672624,2.136873536118085
398,2.4703210964655264,2.1074726943037856,2.1539242862002497,2.1369616549176893
399,2.4812465619751043,2.106438020842157,2.159899482766256,2.1370379027845368
400,2.491505146336891,2.1054114849331964,2.167152694820561,2.1370363664146206
401,2.5011149086813136,2.1044090991967783,2.1755301365359703,2.136887951225619
402,2.510083878784023,2.103430270691321,2.184777827824639,2.1365282215890176
403,2.518508661386086,2.1024356379035094,2.194705830710465,2.135901611399227
404,2.526461595050273,2.101403834252742,2.2050999575607646,2.134967206147959
405,2.534012765802358,2.1003285494546313,2.215770433341036,2.133703544867409
406,2.5412224005275106,2.0992225378486857,2.2265555942322406,2.1321149719933548
407,2.5481360787973415,2.0981166585158353,2.2373240443823184,2.130230723237652
408,2.554780800406063,2.097064865473671,2.247974995281011,2.1281087824296527
409,2.5611622908825677,2.09614246643454,2.2584322674467905,2.125823233579911
410,2.5672687091991993,2.0954545603381054,2.2686479776804407,2.1234632285828674
411,2.573076566463681,2.0951276770024525,2.2786015825043053,2.1211179607315414
412,2.578553490471256,2.0953084788202716,2.2883080107435836,2.118872985433649
413,2.5836555057643293,2.096140458869344,2.2978086337135015,2.1168033488156976
414,2.588331372663821,2.097729992787621,2.307171512751687,2.114971890413768
415,2.5925262387681296,2.100100907343646,2.3164823065886977,2.1134284212204184
416,2.5961845192312567,2.1031720805613014,2.325795178845959,2.1122083314245534
417,2.5992565566073527,2.106776258602489,2.3350876958255196,2.111336350008021
418,2.6017070556440274,2.1106975810376163,2.3442106605915716,2.1108253063569165
419,2.603523354210191,2.1147210197432016,2.352892062081664,2.1106805303757805
420,2.6047233891290085,2.118650915566027,2.360774013448157,2.110894185087041
421,2.6053594707154337,2.1223288510866487,2.367483134417432,2.1114440632271636
422,2.605660122089501,2.125996637941037,2.372722001812198,2.1121592952319594
423,2.605731881613175,2.129591920836374,2.3761867770590466,2.1129798169289016
424,2.6057027048719066,2.1330867325879983,2.3776618719769558,2.1138336600041754
425,2.605727808643047,2.1364181419342065,2.3770258988990247,2.114613104581197
426,2.605950536844027,2.139528010087348,2.374289945745583,2.1151884633368025
427,2.606480644460759,2.142402689072675,2.3694379248112662,2.115358971968422
428,2.6074551293948574,2.1451790860448043,2.362625678705481,2.114956185998927
429,2.608858699513514,2.1478899682708366,2.354038660065928,2.1138017857800344
430,2.610767228533656,2.1505335420808906,2.344087601596348,2.111675459830997
431,2.6132383184876296,2.1531311826274857,2.3332572830099645,2.1083958671038516
432,2.6162484729232642,2.155552014723334,2.322100913223698,2.103894840992142
433,2.6198111603831777,2.1576677339797796,2.3112281895722435,2.0980372030561814
434,2.6239224010219684,2.159308987285119,2.301119265414931,2.0907316581248034
435,2.628559783246963,2.1603157068275185,2.2919910997132535,2.08193770364107
436,2.6336773087456047,2.1605535955042012,2.2837658875433124,2.0716561642009927
437,2.639206719212503,2.159936364390164,2.27618863374528,2.059925940941841
438,2.645058025137506,2.1584144019702585,2.2689769286745016,2.046831911208918
439,2.651139104223197,2.1559837657387333,2.2619393881939667,2.0324879317184386
440,2.657321055640448,2.1526738150014952,2.2550063552328625,2.01707442865225
441,2.6634867062861702,2.148579168622224,2.24836089427905,2.0008837716744696
442,2.6696953726869026,2.144160686571474,2.2425864904610315,1.9842549313236355
443,2.675643495548089,2.1392390427106815,2.237698090968404,1.9674897553950044
444,2.6809733017690274,2.1337290306568932,2.233372448292045,1.9507604866823587
445,2.685389900380582,2.1276045041111185,2.229483264252931,1.9343296148840996
446,2.6888270668961214,2.121219463392825,2.2262603143141715,1.9182824604076132
447,2.6911226995594615,2.1147218855416083,2.2236637587632977,1.903454556074009
448,2.6921872151056636,2.108162070846897,2.2218584722326074,1.8901449158580441
449,2.6918370105385803,2.1010811259878435,2.2210044516764618,1.8782536421543823
450,2.6901355614695297,2.0934654427536263,2.2213514000309313,1.8678977193890074
451,2.687177673130424,2.085567097650813,2.2230394976735197,1.8592928803940092
452,2.6830702402579942,2.0772898828203,2.226258086783156,1.8525813521846572
453,2.6779554676781907,2.0685344216064774,2.2311469408387588,1.8478385938899735
454,2.6720141912807134,2.059241465979252,2.2377981885520515,1.8451012729714167
455,2.6654549367755873,2.0493898231692156,2.2462220745795354,1.8443573586415107
456,2.658499014415598,2.038992899623822,2.256311638736868,1.8455370135034048
457,2.6513763453406924,2.0281139616540926,2.267839850701332,1.8485356111475448
458,2.644314701265985,2.0168619638150775,2.280466120752642,1.8531967832734513
459,2.6375280929603946,2.005398760167827,2.293780329130298,1.8593104034487984
460,2.631204252304082,1.9939530183214602,2.3073521332757743,1.8666219430134932
461,2.6254984321843544,1.9828244330090983,2.3207786701472046,1.8748392345683342
462,2.620617580779532,1.97199025941785,2.3340179162981847,1.8838977169958557
463,2.6166135504351744,1.9618393057903438,2.3467928184004845,1.8934275559246885
464,2.613483990287938,1.9527640159091044,2.3588945711058384,1.9030383815932221
465,2.6111804338327866,1.9451274283059454,2.3701805470386232,1.9123468217647153
466,2.609605554303437,1.9392209293145153,2.3805653316607827,1.9210173594544757
467,2.6086265144344365,1.9352337474169867,2.3900227505968856,1.9287935481575451
468,2.6080885430499654,1.9332679467920875,2.398574682888606,1.9355075008062188
469,2.6078280046369344,1.9333548185651837,2.4062838791814034,1.941074635058901
470,2.6076771968251946,1.9353557498532823,2.413296197828381,1.9455167951846604
471,2.60753416683917,1.9390288270852911,2.419880365511474,1.9488931463087844
472,2.607068075929502,1.9443621465145626,2.4261176228684116,1.9509954520888815
473,2.6061594537985195,1.9507792795989904,2.4321452534356793,1.95219600752214
474,2.6050068667235777,1.9588169949037804,2.438210525406863,1.9525520213404257
475,2.603583702408568,1.968130081520115,2.4446364752475396,1.9521588618861974
476,2.601630534967362,1.977530971663431,2.451742807270078,1.9511604876854836
477,2.5991432761638675,1.9866631538285828,2.4596100592946635,1.9496652560868846
478,2.5963871212326777,1.9960199838021289,2.468051054600407,1.9477261428606
479,2.593364518038043,2.005301459863133,2.4768093379660425,1.9455022963115771
480,2.5898045753100325,2.0134800524155767,2.4856022281155674,1.9432603533209074
481,2.585695258549097,2.0203830068726,2.4940724005223305,1.9412100304429243
482,2.581279670789726,2.0259797627728844,2.502238799849203,1.939557101189331
483,2.5764763337870935,2.0302432371211445,2.5097737205917006,1.9386517568958066
484,2.5712553270795353,2.033079300256935,2.516453999384096,1.9386902440773441
485,2.5655766374141953,2.034306065073846,2.522164545013905,1.939859991472937
486,2.5593293735006584,2.03370303614879,2.526752070798425,1.9423064999937327
487,2.552355373875095,2.0308693517767447,2.5301811739770645,1.9461391853672068
488,2.5445944192922165,2.025601749220429,2.5325716442274437,1.9513813040395023
489,2.5360706353314564,2.018009269089179,2.5341552133822565,1.9580235972841842
490,2.5267499855413096,2.008280552050325,2.5351836667356467,1.9659722548948755
491,2.516517286142091,1.9966481433412802,2.535931281592541,1.9750645796625086
492,2.505641462990375,1.9843578763753356,2.5367181918990394,1.9849473007600344
493,2.4940065159900904,1.9715677480612515,2.5381509762982906,1.9953164930325742
494,2.481490990257231,1.9585975074355746,2.540476379343016,2.0059818691010802
495,2.4679515296750774,1.9459635291518431,2.5436675983605674,2.016661422469113
496,2.4534210908226175,1.9340946578954321,2.5476758871553478,2.0270254874421014
497,2.438002388683548,1.9232791083336487,2.552265934351554,2.036746231514369
498,2.421871305665073,1.91363738496946,2.557086306676563,2.0455251563253136
499,2.4052714657598955,1.9050922415817853,2.561764045545077,2.0531213936535373
500,2.3884934552726587,1.8975184885423089,2.565925573923945,2.059342828268303
501,2.371865748695089,1.8908757484147045,2.5692289675237445,2.0640582176477724
502,2.3557790893275414,1.8854274093934515,2.571397030623935,2.06720617305612
503,2.3405850291722086,1.8814073531876319,2.5721950700474836,2.0687968550404436
504,2.32660809182992,1.8790497606752996,2.5714553564458495,2.0689140750158064
505,2.314125322243182,1.8785349100513449,2.5690876607543447,2.06770911340575
506,2.3033505688053473,1.8799564125925639,2.565099039668613,2.065396517779958
507,2.2944297146791777,1.8833240957207271,2.559617174354065,2.0622373938970586
508,2.2874285065689914,1.8885611365183053,2.552908623103392,2.0585279011400717
509,2.2823439196160007,1.8955222708024575,2.545379735212711,2.054579343104115
510,2.279103705052834,1.9039957257749132,2.537534647941363,2.05070583096015
511,2.2775731353238604,1.9137074837776247,2.5298746573508124,2.047205859015678
512,2.277855383367009,1.9254086778093806,2.522628686525037,2.0445155948996527
513,2.2796246310620725,1.9386151009573689,2.516045853538382,2.0428822432824236
514,2.2826006757032125,1.9527627736746644,2.5100019442200345,2.0424843287319763
515,2.2864714356495144,1.9672646902639304,2.5041924786474046,2.043444829063054
516,2.2909124360633677,1.981575386469631,2.4982702416572518,2.045822377394966
517,2.2956066836383804,1.9952768592571357,2.4919396463574452,2.04961875182359
518,2.3002659660096447,2.0081172137550984,2.4850078176154846,2.0547902890735448
519,2.3046362207153095,2.019953470149957,2.477388436921887,2.0612554628027744
520,2.308492200415372,2.030680411005884,2.469095774148581,2.0689005378239886
521,2.311629079818709,2.0401653795179158,2.4602227487622272,2.0775899797296398
522,2.313886194038594,2.0482646382763114,2.4509339759460778,2.0871750486363156
523,2.3151505958158873,2.0548661047444403,2.4414918197456696,2.097519797504259
524,2.315363750175117,2.05992217815791,2.43224105058799,2.1085036730538826
525,2.314515034601206,2.0634651635133987,2.4236027714684916,2.1200109179163915
526,2.312634237192285,2.065602654097513,2.4160534570209644,2.1319367881307323
527,2.309781343266784,2.0665088223959347,2.410093617452668,2.1441717607417967
528,2.306047614024366,2.066402634198462,2.406192390195151,2.156602910907816
529,2.3015492591471927,2.0655254433960133,2.4047057155661724,2.169110788883573
530,2.2964201101576522,2.0641193344797473,2.4057982149277644,2.1815730420003265
531,2.2908006546398583,2.0624387716565287,2.4094203453275966,2.193866405664122
532,2.284845195735426,2.0607426120573193,2.4153360342467067,2.205882027412033
533,2.278703135431912,2.0592471387220974,2.4231935711947155,2.2175173440148748
534,2.272518342160987,2.0581477247613393,2.432596766207969,2.2286903324126976
535,2.2664376963356383,2.0575924448960357,2.4431454625246727,2.2393619961600266
536,2.2605931474902423,2.0576756741964672,2.454463788428935,2.2495244893784196
537,2.2550978617999062,2.0584385213150047,2.4662126404191183,2.259214923232178
538,2.250048530429975,2.0598907754680065,2.478088476106521,2.2685160153677044
539,2.245510239164189,2.0620227640655497,2.489816949099976,2.2775395017121265
540,2.2415210089648476,2.0648136490788116,2.5011514826549535,2.2864187986162694
541,2.238089482753578,2.068234958112158,2.511873062404437,2.295297342970786
542,2.234973708712762,2.0715216270754357,2.5217359079333828,2.3039154311370487
543,2.2321596421547834,2.0746822194949925,2.5306069242720146,2.312431181597054
544,2.229640625488428,2.07774029198884,2.538406046110063,2.3209975478518965
545,2.22742489934764,2.080728900406123,2.5450987485624195,2.329750540302245
546,2.2255372465483076,2.083685754858572,2.5506665894820366,2.338806795937518
547,2.22401767803613,2.086649243020852,2.5550739295052645,2.3482722458625265
548,2.2229322956952884,2.089638823292181,2.5582177470929404,2.3582415946609685
549,2.2223575707817993,2.0926460922235814,2.559945687929721,2.3687948504540457
550,2.2223675760005466,2.095610793723207,2.5601056950382945,2.3799932905720285
551,2.2230262098587183,2.0984139369890387,2.558615655741594,2.3918787547065348
552,2.2244113310101437,2.1009145492552217,2.556026737562097,2.404505463228264
553,2.2266011865598037,2.103004942225976,2.552247818047933,2.417886082886937
554,2.229628813387751,2.1049687834081494,2.5473212455382015,2.432178921557664
555,2.2334396321177703,2.1066306382420397,2.5415743112123255,2.4473078657073097
556,2.2379436451742074,2.1074333873313007,2.535660925962531,2.4630013048926935
557,2.2430202044896888,2.1072642669152923,2.5299676188023557,2.4791135238221385
558,2.2484718826889085,2.1059729211692555,2.5247761955737587,2.4953972301537197
559,2.2541622475332557,2.103578201398785,2.5206431497802773,2.511655843853144
560,2.259960988092155,2.1001788926156566,2.5181673933198745,2.527706595174547
561,2.265690559700625,2.095854546547819,2.517841276780259,2.5433500808025915
562,2.2711992552690914,2.0905736602529266,2.520084613337798,2.558302973525295
563,2.2763191320638083,2.0844867550933146,2.525127299949096,2.5724793875260725
564,2.280891909185399,2.0777747284291364,2.532972267788537,2.5858761774828993
565,2.2847217192268454,2.0705736921596603,2.543330171571478,2.5985139694717576
566,2.287588949127743,2.0630121719083374,2.5557068963927354,2.6104635172208397
567,2.289362319973531,2.0553874816242614,2.569625635098355,2.621939449678009
568,2.289919176507239,2.047870542529536,2.5845115648446404,2.63303031257077
569,2.289190852634011,2.0406680755396147,2.59984334980853,2.6438177664194726
570,2.287176634255936,2.0339993104113505,2.615170309909506,2.6543587340626873
571,2.2839659547134477,2.0280660416356797,2.6301237658279977,2.664682298564177
572,2.2797421176611556,2.022967016987679,2.644446924831575,2.6747277935009
573,2.274710954560959,2.0188859984921548,2.657979395318408,2.6845288011843573
574,2.2691477074133317,2.0159222032026896,2.67066664883823,2.694035309019467
575,2.2633311605523896,2.0141477136765333,2.6825726901959532,2.7031807173794995
576,2.257516844890197,2.0136067063879373,2.693862447908485,2.711885616328727
577,2.2519217672539322,2.014318563450205,2.7047786247495003,2.7200610015863296
578,2.2467222479346143,2.0162765561744114,2.7155761274894616,2.727611455355295
579,2.242039844911116,2.0194400735264773,2.72646518948869,2.7344298876541067
580,2.237956240510136,2.0237463334432353,2.7375394256421406,2.7403973381552005
581,2.234529688969495,2.0291238474233473,2.74873857612136,2.745382081989647
582,2.2316765225258335,2.035600942356207,2.7598444674044393,2.7492643395705088
583,2.22937712611444,2.0430719580570416,2.7705702108655497,2.7518765972555457
584,2.227587193488151,2.0513919312495874,2.7805984223891986,2.7530624773263974
585,2.2265909382140237,2.0604378349906725,2.789939103712488,2.752718570261798
586,2.22640926209386,2.070468359211834,2.7984345361042764,2.7507866860065513
587,2.226980652785483,2.0811189036800184,2.8058857972245734,2.7472523220018026
588,2.2282714300807807,2.092065487827397,2.812303326012422,2.742212466058969
589,2.2302428273316317,2.10299314083352,2.817775372173818,2.735856159497992
590,2.2328489473239204,2.1136213990901402,2.8224562502906982,2.728447829026294
591,2.236031707080035,2.123719857548268,2.826572366744422,2.720306559085195
592,2.239598376832821,2.1328070353521604,2.8302771545496204,2.7117087198869707
593,2.2437666055549945,2.1409983811077176,2.8339404996645845,2.7031702317976816
594,2.2481941592859096,2.148052996021911,2.8382683553783177,2.694828607389831
595,2.2528689346099346,2.154140289763699,2.843479925343511,2.687070748274526
596,2.2576783162178633,2.159260628447154,2.8498535079142977,2.680182053790298
597,2.2625096246771768,2.1634725923658698,2.8575027604103824,2.6744215277231147
598,2.267257789020941,2.1669037380385197,2.866341011529375,2.670015909626578
599,2.271825443156197,2.169738951927461,2.8760938072984152,2.6671585626922143
600,2.2761318929784635,2.172201274079477,2.886370571285734,2.6660049157129273
601,2.2800992004973923,2.1744748814664607,2.8967523194084652,2.666676632478684
602,2.283432401566397,2.1763514176241694,2.9069625183154746,2.669210355485845
603,2.2860565787095433,2.177784384027986,2.916664581737756,2.673649618354421
604,2.287902237721759,2.178606214613566,2.9256028789276773,2.6799834081245923
605,2.2889067271788894,2.1785915787655092,2.933611219171055,2.6881399188070914
606,2.289006779727765,2.177518509127428,2.940588847730524,2.6979885612958467
607,2.2881575660737132,2.175243656253427,2.9464922686588104,2.7093395543298655
608,2.2863295422493826,2.1717153237722386,2.9513289715521065,2.721948136179876
609,2.28351675067379,2.1669678711932057,2.9551641667068353,2.7355174048244497
610,2.2797417700596845,2.1611026262475144,2.9581218488546335,2.749691294444979
611,2.2750597402250405,2.154275166996831,2.9604048040045674,2.7640689662819637
612,2.269559477134885,2.146680127737405,2.962291126591806,2.7782150272376294
613,2.2633772450593765,2.1386182551550617,2.9641240545827063,2.79173417925601
614,2.2566844729084656,2.1304193881068936,2.9662521786114993,2.804261687512364
615,2.2496708609884246,2.1224167581210827,2.9689472217450024,2.815501505562041
616,2.242542005453915,2.114982736653732,2.9723149558998307,2.8252596738187585
617,2.235504570439865,2.1085046666833187,2.9762650650340454,2.83345016150303
618,2.228751102967754,2.1033154688089684,2.9805474598246597,2.8400836148015274
619,2.2224577910219563,2.0996969271729706,2.9848419431523636,2.84524735010968
620,2.216771311101278,2.0978282345340373,2.9888437356405175,2.8490887042098105
621,2.2118046477003546,2.0977438473958343,2.992322121311131,2.85179078326066
622,2.20763754148824,2.099315515033,2.9951422310393108,2.853543881848406
623,2.204321675717543,2.1022763279792787,2.9972711678929906,2.8545364195326863
624,2.2018749119306156,2.1062760690296716,2.9987786004434174,2.854946089213149
625,2.200291642793492,2.1109333853737042,2.9998334531312008,2.8549344850000193
626,2.1995492516861748,2.1158872576196424,3.000690014069654,2.8546459898336116
627,2.199607883951565,2.120814814133736,3.0016735665368857,2.8542066927065655
628,2.20041832188277,2.12545476125364,3.0031510762903832,2.8537232497463907
629,2.201928195866972,2.1296120438234514,3.0054987538432245,2.8532826360441597
630,2.2040845361872043,2.1331568592611134,3.0090561804803,2.8529517773660356
631,2.2068372061767745,2.136018830362163,3.014086229990537,2.8527821642140307
632,2.210129327225711,2.1379004162021054,3.0205314448997393,2.85263293952119
633,2.2139115731214214,2.138710709761968,3.0283735911627154,2.852511805493423
634,2.2181146809915844,2.1383296230069013,3.037452959918647,2.8524212319313103
635,2.2225011365560996,2.1371847914880915,3.04776221317369,2.8525484575061326
636,2.2275867459028325,2.135799295776984,3.059081462670036,2.8529035761060397
637,2.233228004275482,2.1342595916242573,3.0712474835265917,2.8535148289780117
638,2.2385890316132535,2.1321962003073476,3.0841674190107544,2.854468191968683
639,2.243383361960527,2.12938400840231,3.097702557250072,2.855840574363311
640,2.248179295070487,2.1267722965341473,3.1118405967268314,2.8576875671964603
641,2.252777660956359,2.1245288115833283,3.1265685595142836,2.8601367554863506
642,2.256351049451479,2.121906072927034,3.141818386483474,2.8633525741082675
643,2.2588714784488637,2.119858911350825,3.1577841710066794,2.867544310957068
644,2.2601686562838075,2.1185458357078297,3.1744949029064258,2.872865840791554
645,2.260145868432936,2.118082279398548,3.1919590101159976,2.879420175200189
646,2.2587621663172004,2.1185588560788595,3.2102003032317494,2.8872905602487746
647,2.2560213216346314,2.119990818973423,3.2292529897602043,2.8965301636857586
648,2.2519516493198446,2.122243866746769,3.2491292719529428,2.907144774372239
649,2.2466087748245664,2.1250564982148923,3.2697606771633723,2.9191026637964237
650,2.240066171521139,2.1280722058000077,3.290932778730135,2.932325000063124
651,2.2324346115272613,2.13095316496465,3.312271585418786,2.9467075793965165
652,2.22404317353903,2.1334503724965606,3.333288456817785,2.962211115464913
653,2.2150479074280454,2.1356988242278647,3.3535335882651345,2.978683685034073
654,2.2057806802477273,2.1376822900137618,3.372440596051109,2.9959034557802933
655,2.196433524796924,2.1393552139920518,3.3896030537528445,3.013687276584036
656,2.187009716962239,2.140552869337492,3.404741522227375,3.0318722487798104
657,2.177860169435165,2.1415488346494964,3.4175927586113586,3.0502402166658285
658,2.1695676000998634,2.142466161899665,3.4280322302834034,3.068529951957698
659,2.1619185984986924,2.143533896060584,3.43600320695143,3.0865891014623443
660,2.155051172919213,2.1449648993642314,3.441592019387454,3.104228972275215
661,2.1490799181822045,2.146978325821567,3.4450213388975013,3.121270409741192
662,2.143727422297748,2.149212653832069,3.4466247626804183,3.137499085671614
663,2.1390581974310336,2.1519141567055304,3.446860278085654,3.1527397222159523
664,2.135199639537286,2.1552674893472656,3.4462470169716335,3.166862534298679
665,2.1321998819260237,2.159360987447255,3.445162588673677,3.17974405879824
666,2.129980080941258,2.164191380609575,3.443696103104545,3.1913028581429868
667,2.1285402838676735,2.1694837847446156,3.4416093294084975,3.2014222397895495
668,2.1281804704007676,2.1757335280236045,3.4384085572157534,3.210166329219258
669,2.1288685673430443,2.1828827840397786,3.4335227035758416,3.217565353717739
670,2.1303737748636924,2.190512332906661,3.4264364838846983,3.223644139970336
671,2.132945555833578,2.1987048112573535,3.4168079718907127,3.2285518328495018
672,2.1362750407749687,2.2071819439928735,3.4044812194572622,3.232447455699337
673,2.139913400035875,2.2157261401123765,3.389324467196562,3.2353741683563646
674,2.144085801282365,2.224584920980993,3.3713126691146447,3.2373992488941523
675,2.1489686278355,2.2336675157437327,3.350570734017958,3.238543164485041
676,2.154625806213602,2.243109106902476,3.327335291267064,3.238906131758246
677,2.161046345369417,2.2527963022941666,3.3019569265012287,3.238530897405301
678,2.1679970697493034,2.262425765400261,3.2749335977519434,3.237483304530214
679,2.1756211720271987,2.2717498071917404,3.2468457453453063,3.235748337068051
680,2.184006092571579,2.280939990465526,3.218299772022417,3.233367177697547
681,2.193302586174344,2.289936417239844,3.189844591808188,3.2303497468658215
682,2.202729781947136,2.298086111785747,3.1618298852259334,3.2267073456008144
683,2.212298675712716,2.3054084101381167,3.1344594857020214,3.2225487917542655
684,2.2222905430941067,2.312154208620448,3.107679767593501,3.2179106005145512
685,2.232837841346683,2.3185635027200098,3.08146717645799,3.2129363631237338
686,2.2440429896375704,2.3247405760155555,3.0555660909080458,3.207611289678149
687,2.255787449770004,2.3307155742546,3.029824347446009,3.2020022044148706
688,2.2674675477443964,2.336175250182424,3.0042931636058046,3.1960977480526043
689,2.2793901270558194,2.341266504447491,2.9791381838644773,3.1899915524197593
690,2.2914147619300604,2.3462191074491874,2.9543511461971885,3.1837280850681986
691,2.303381401905342,2.3510745637083628,2.9300662358494347,3.17732248271873
692,2.3149780110259783,2.3556189597593415,2.9065979397661272,3.17079340537782
693,2.3260037242189724,2.359834331315697,2.8841888478168967,3.1641536224838847
694,2.336333982654259,2.3637791735141893,2.8630956842392967,3.1574163765423466
695,2.345814409526587,2.367482153587944,2.843539046224874,3.1505876402587
696,2.354407111944261,2.3711084724595004,2.825783279933659,3.1436438456054545
697,2.3620159656346926,2.374844717070811,2.8101142157727264,3.1366323479106786
698,2.3685340233319034,2.3790198482638063,2.796598370796195,3.1296481678393757
699,2.373955863152943,2.3836458579197024,2.785039689941037,3.1226560182687733
700,2.3784053390915885,2.388951955134303,2.775554835265508,3.115754277969563
701,2.381986532478186,2.3950180585680707,2.7682285057875626,3.1090715064763876
702,2.3846102502581408,2.4014520021539036,2.762645347122187,3.1026330305959613
703,2.3863177446128976,2.4081469314765234,2.758340735529658,3.0964766292951547
704,2.387243452999289,2.414965712826934,2.7548284914090906,3.0906604320691726
705,2.3876970518430634,2.4219662406270728,2.751792284217875,3.0852976237854275
706,2.388044980252324,2.429166781523161,2.7489650090944093,3.080421591318678
707,2.3884806605345417,2.4363384054784705,2.7461307026040496,3.076085636851953
708,2.3892391474122996,2.443224496895113,2.7429995076310707,3.0721726235499873
709,2.3905316022485565,2.449972117989537,2.739444893388776,3.06874357106168
710,2.3927199260666905,2.456358852490566,2.7352511439800105,3.0656399703287276
711,2.3960633851554345,2.46248098598572,2.7308716298197537,3.0628758641468994
712,2.400586476052087,2.4682520404822026,2.726578301216036,3.060360463284059
713,2.4063991721975313,2.473864999577191,2.722770310480242,3.0580072342679876
714,2.4135200087031317,2.4794865965453172,2.7198616502442126,3.0557313000865127
715,2.4218897952771723,2.485217383310782,2.7181705042906787,3.053433411547531
716,2.4313706024270294,2.491111568022617,2.7178592650677778,3.051021199703891
717,2.441764513419708,2.497149070014778,2.71885500890907,3.0484148586161104
718,2.4528228115021258,2.503189807309309,2.720830572296225,3.045531489533381
719,2.464272138627235,2.5090705620550398,2.7233577433885547,3.0423054087384123
720,2.4758422767093786,2.5146507277934207,2.7260164841759895,3.038696024516319
721,2.4872787024120124,2.5197853177202614,2.7284370042989963,3.0346749131711697
722,2.4980962312784647,2.5241131731537365,2.730200887333207,3.030159066568071
723,2.5081481312450897,2.527632407893561,2.7311776587109433,3.025188005744999
724,2.517317716316271,2.5301797955226375,2.7311944359276352,3.019841229131367
725,2.52557957737748,2.5320955809436883,2.730287559538029,3.014213312298025
726,2.532792926511197,2.533294075410671,2.728550352863735,3.008364716879118
727,2.5390224420281986,2.5338329624000653,2.7260158202856797,3.0023601792375385
728,2.544221698096436,2.533800145261524,2.722857515209152,2.996287325529815
729,2.548120907974068,2.5332966276860396,2.719390774726045,2.990264141787243
730,2.5507160755565277,2.5323999888774433,2.7158634904409857,2.9843618981935696
731,2.552354187557818,2.531346691410191,2.7127560339745265,2.9786445715518615
732,2.5529110782024778,2.529833592167686,2.7103642124945075,2.9730885706167722
733,2.5526166155685774,2.5282365600094376,2.709364824245025,2.967804708773675
734,2.551600126078175,2.5266152426495854,2.709965717929866,2.9628773019148675
735,2.549945154598087,2.524969459023429,2.712101440432009,2.9583273055327397
736,2.5477274118209694,2.5233100459028566,2.7153876136551314,2.954144583331659
737,2.5450125836459496,2.5216755651622806,2.7192171653489585,2.9502809875091383
738,2.5418551061791126,2.5201174362305716,2.722913415350007,2.9466459796121414
739,2.5382982444731583,2.5186865060017714,2.725845566098359,2.9431028250396642
740,2.534377022721409,2.517426478729438,2.72748850739948,2.9394740853165957
741,2.5301217688732964,2.516381212671412,2.727440917677325,2.9355475154124995
742,2.5254018664204145,2.5155954784989194,2.7254670424614247,2.9310786668718993
743,2.520232980126137,2.515195023153447,2.7213869805881177,2.9258527129566554
744,2.5146707319693284,2.515366050256506,2.7151757669366736,2.9196556921030217
745,2.5087859119621267,2.5164371858580683,2.706956500624301,2.9123026137690506
746,2.5026723184715056,2.5188315239975014,2.696974212746534,2.9036479575701715
747,2.4964416921168016,2.523079551457517,2.685605283937775,2.893588077445302
748,2.4902187051531426,2.5297482449484203,2.6733454675725032,2.8820654090589364
749,2.4841406005586175,2.539308120941767,2.660786820084592,2.8690622284834
750,2.4783514259824417,2.5519869775462327,2.6485781038667557,2.8545944166331485
751,2.472996801930194,2.5676530153144643,2.6373643986763424,2.8387028850080607
752,2.4682168842145145,2.5860377339825207,2.627710517049467,2.8214758101478994
753,2.4641623862440682,2.606228672199051,2.6200060436967276,2.802943512718236
754,2.46097255436414,2.627406238516246,2.614386639970176,2.7832151399348466
755,2.458774626346971,2.648739401742555,2.6107671277967333,2.7624396898670964
756,2.457678742525852,2.6694651845766884,2.608928033913293,2.7408112577707584
757,2.457772894985359,2.6889334275391965,2.6086119393816296,2.718574316465615
758,2.4591173800768495,2.706664636663338,2.609581606018161,2.6960166721689385
759,2.461742023063205,2.7223803993072715,2.6116398815176622,2.6734526276766983
760,2.465640736427131,2.7360179060701326,2.6146350700386862,2.6512096287973166
761,2.470767967079487,2.7477061247243153,2.6184515444047607,2.6296090946530875
762,2.477093550482147,2.757842481325694,2.622974163825417,2.6090292272317264
763,2.484442990843579,2.7667333503143774,2.6281448101876963,2.589713318884057
764,2.4926331397098593,2.7748570152190495,2.6339428177780855,2.571890195779962
765,2.5014492072354355,2.782868567123173,2.6403663837980083,2.555729221870697
766,2.510647073746835,2.7914930989243283,2.6474449785144047,2.541347611055252
767,2.5199697691171132,2.801395272750273,2.6552583054134273,2.5288041226698468
768,2.529163658517131,2.812986467988191,2.6639350061153557,2.5181038131926976
769,2.5379875786272392,2.8262794789469337,2.673614900345009,2.5092041197604047
770,2.546224039670008,2.8408772728422753,2.6843545259016626,2.5020456077648894
771,2.55369594513117,2.856152277967101,2.6960549062174937,2.4965428081361556
772,2.5602556999314787,2.871519601090697,2.7084575120598293,2.4925539375128944
773,2.5658347996686954,2.8864371645575546,2.7210518741194876,2.4899255699664415
774,2.5704118516932626,2.9003197080706697,2.7332598932538974,2.488612719711885
775,2.574003398249657,2.912805236833646,2.74454581499059,2.488491283556776
776,2.57666102408386,2.923670928477692,2.7544552931714197,2.489420642333355
777,2.578460022271734,2.9327511847514764,2.7626217994928277,2.4912647031784534
778,2.5795036090540524,2.9399915243247774,2.768792116874054,2.4939021521557874
779,2.579914259453548,2.945511661982597,2.772817806122704,2.4972124096937636
780,2.5798307527583773,2.9496225796665,2.7746655881648,2.501074438955319
781,2.579398991242842,2.952826314493818,2.7744208998725517,2.5053798350705914
782,2.5786108193912516,2.9556377577020068,2.7724005377926852,2.5099983438353237
783,2.5776962555424188,2.9588245368557993,2.7690083280471973,2.5148621717105697
784,2.5768468984634114,2.9630260192685873,2.764594225326576,2.519915607278988
785,2.5761584522427787,2.968544644200444,2.759678511064352,2.5250906783369707
786,2.575501541108954,2.975271003559587,2.754649168778292,2.5301065801342055
787,2.575058300678932,2.9829624368071577,2.74975541255882,2.5352506282156195
788,2.5748691495040923,2.9913218002539406,2.744787616904244,2.540344872338554
789,2.574987661599288,2.9999543444717,2.739439071838907,2.5455068545752795
790,2.5753871202226453,3.008551046770036,2.733266397071608,2.5506981865574283
791,2.575977512666895,3.0168935280666838,2.7258884701443877,2.5558072747601948
792,2.5766415690668296,3.0247512034332766,2.7170397080830386,2.560774158462271
793,2.577288632194317,3.031945556952185,2.70659108568793,2.5655514196625653
794,2.577825906950352,3.0383616366050474,2.694532311758422,2.570102382266545
795,2.5781719444488433,3.043957852545557,2.680947920951904,2.5744060468017973
796,2.5782386235579198,3.0487653694245327,2.6659317019168007,2.5784881126483925
797,2.577944782175393,3.052866780343428,2.6496722732901627,2.582394351464384
798,2.577229032845419,3.0564044552599157,2.632428892283087,2.5861945946145175
799,2.5760531548782035,3.0595829670334083,2.614533157103994,2.5899829738356455
800,2.574399546820161,3.062683626712879,2.5963787042370514,2.593864883434039
801,2.572272652888984,3.066096775001481,2.5783794399759543,2.5979560547038085
802,2.5697535323065894,3.0702843238476456,2.5609350208864163,2.602308416431139
803,2.5668799169551337,3.075844551456557,2.5442787872396093,2.6070262433047713
804,2.5637050938559427,3.083315415493047,2.528448569408609,2.6122116703998763
805,2.560298643337131,3.0929251182183974,2.513288167865909,2.617954747416365
806,2.5567143404821717,3.1044450346288786,2.4985092240123943,2.624337024091685
807,2.5529956795843898,3.117305949715129,2.4838300089123084,2.6314880907240608
808,2.5492288151670635,3.13083340775643,2.469019322175249,2.6394520496581864
809,2.545505647547315,3.1444681410498414,2.453912655968209,2.6482424815138765
810,2.541914929593374,3.157833614978648,2.4384085838957077,2.6578529223154352
811,2.53854559238883,3.170725944505546,2.4224304459432022,2.668254754679853
812,2.5356131984012875,3.183097145554467,2.4059906740534003,2.6794302090874367
813,2.5331841897534626,3.1949549093277114,2.388989725230349,2.691291242759317
814,2.531264122430858,3.2063847439429707,2.371494670686554,2.7037248403110308
815,2.5299546181847754,3.217545666592756,2.3535850411689756,2.716594039574272
816,2.529359856015539,3.2286955334997427,2.3353785110544765,2.7297316168265655
817,2.5295747530797823,3.240223906068865,2.317022989408686,2.7429391098150324
818,2.5306863475201022,3.2526830902353288,2.298685159212761,2.7559993370947304
819,2.5327659874584576,3.2667745820022893,2.280494615363611,2.768689210705205
820,2.535870294765054,3.283245275703468,2.2625164843149843,2.780794920364663
821,2.5400380604174697,3.3026520922057307,2.2447360520780655,2.7921319982852784
822,2.5451736160704352,3.3250538317033227,2.226332298941779,2.8025840528443724
823,2.5514209153079084,3.3499959181163503,2.207957227059716,2.8120416122368037
824,2.558776795702396,3.3765582667945684,2.189529314854871,2.82048098493042
825,2.5672294816366663,3.403691834231967,2.1710127615307693,2.8279478673428398
826,2.576766397660078,3.4304374130756714,2.152416145365172,2.834554348010108
827,2.5873782648478656,3.4560273148891114,2.133796970043184,2.8404676444508334
828,2.599062795805,3.47989238302748,2.115251364814215,2.8458951049905497
829,2.6118214650334486,3.501634441228972,2.0969070377406718,2.851065747813657
830,2.6256506425777317,3.5210044130287006,2.078930210262489,2.8562173336225967
831,2.6405360315571453,3.5378866605687787,2.0615154796047164,2.861585096087384
832,2.656427899665447,3.5522687102801314,2.0447552725306526,2.867412245565597
833,2.673307547338778,3.5643002262011056,2.0288959928636605,2.873860515856133
834,2.690937933890096,3.5743003500458297,2.0139294498318714,2.8811455249131237
835,2.709283975934157,3.582763336969246,2.000288829767236,2.889359253581226
836,2.7283421329608646,3.590365594356556,1.9881518763553592,2.8984783222359862
837,2.747983177888327,3.5979943324926293,1.9775772592616574,2.9084952103453396
838,2.7679875173615427,3.606685452683118,1.9685805783078358,2.9194228439050467
839,2.788165817184525,3.6173843236535346,1.9608574038182793,2.931200477595155
840,2.808583568284514,3.630665640576116,1.9547492506173842,2.9435901457675944
841,2.8290971691898847,3.6465066737425285,1.9504911103852374,2.9565436587607032
842,2.8497093940521996,3.664300775740666,1.9477989923439814,2.969789103426239
843,2.8703760196814008,3.683205562708291,1.9468642904786013,2.983245902942523
844,2.8910845825509957,3.7023112837362855,1.9475547937927125,2.996715335945062
845,2.911828707704739,3.7208497849824993,1.949758883639052,3.009968395822286
846,2.9325987951794867,3.7382198451557964,1.9533754052102,3.022767113442895
847,2.953382318860853,3.7539751240318835,1.9583291636651197,3.034876981931994
848,2.974163913109337,3.7678048121949916,1.96456325064941,3.0460871205869893
849,2.994915387267006,3.779512825122033,1.9720465995553695,3.0562175150473796
850,3.0156182868501387,3.789024881850204,1.9807594745649932,3.0651450022581965
851,3.036246366103682,3.7963868018939904,1.9906712140850462,3.072809018207612
852,3.0568399961198742,3.8018050250668054,2.001859884459661,3.0792600995975032
853,3.0773763596768156,3.805550357775343,2.0143175424895743,3.084568165819964
854,3.097837077298377,3.807976215290879,2.027975994819201,3.0888578724467832
855,3.1181938078498734,3.809487137199047,2.0427591367810685,3.092292678566043
856,3.138411586951801,3.8105111191482135,2.0585901418729233,3.0950582586524322
857,3.158465508966234,3.8114686164340776,2.0753211209323905,3.09733199008353
858,3.1783222812869494,3.8127404923247483,2.092696574424421,3.0992617962638462
859,3.197857341354094,3.8146148911654114,2.1104594431312065,3.1009450437337827
860,3.217042583678335,3.817374596639471,2.128430114573136,3.102478863476523
861,3.235860316192687,3.8212473226939956,2.1464326755716545,3.1039304602940625
862,3.2541830520192536,3.8265011222701393,2.1636051766281788,3.105522097240643
863,3.272164227056405,3.8331613942919334,2.180275535546705,3.107086334457044
864,3.289836454849672,3.8413479232056518,2.196229515853933,3.108581802799905
865,3.3071817858002217,3.8510634089682068,2.2117934085322406,3.110069805841726
866,3.324224711833586,3.8623313334851073,2.2269176229246157,3.1115502656901475
867,3.3409872998763004,3.8751607843326283,2.241570917817982,3.1130211301382618
868,3.3574804323023857,3.8895472813389116,2.255734378679581,3.114474499117731
869,3.373701876988016,3.9054764420861674,2.269395424122285,3.115896900737181
870,3.389641381541941,3.922930091467054,2.282547186487703,3.117274681831753
871,3.405285396854405,3.9418976823244307,2.2951873987722005,3.1185955416155853
872,3.4205810832233734,3.9623832033712385,2.3071035843337837,3.119778687475112
873,3.4355018095497156,3.9844093484873775,2.3182119817785773,3.1208334940134463
874,3.4501328605448727,4.008010537199912,2.328772297558374,3.1218211328769647
875,3.4644393744941326,4.033227008715685,2.338537462362998,3.122722323235274
876,3.4784448294834203,4.059907438146844,2.3475076243324917,3.1237928002434123
877,3.492143482314554,4.087788329189734,2.3557355746004998,3.1252022801597605
878,3.505540403884925,4.116389966715998,2.363140808588434,3.12713038709706
879,3.5186376709441074,4.145115810305249,2.369406949408793,3.1297293997265445
880,3.531428830831192,4.173292669086926,2.3747611019601065,3.1332523373607906
881,3.5439256591849406,4.20034080340949,2.3792524654623954,3.137887273875381
882,3.5561807301536,4.225836742820897,2.3828422799841547,3.143836201063638
883,3.5681838741456344,4.249412152606856,2.3857235097714655,3.1511611110289537
884,3.579951021131658,4.27091874999078,2.388085768776269,3.1599265876065963
885,3.5914707781239925,4.290357388220597,2.3900643293334776,3.1701559913472237
886,3.6027229075771103,4.307887749999015,2.391794404931763,3.181825035531253
887,3.613681129443557,4.323838210319304,2.393403813238091,3.194875108911431
888,3.6243111228961205,4.338697337144947,2.3950019213163016,3.2092283203272154
889,3.6345773134503934,4.353071045017798,2.3966883919484134,3.2247984721667824
890,3.644445456460788,4.367575745588,2.398547383637003,3.2414897873219215
891,3.653880256246667,4.382684550060458,2.4006480301926807,3.259189093745147
892,3.6628721341569683,4.39860126112332,2.403097540337347,3.277722803201237
893,3.6713724579449702,4.415185781853686,2.4058881229674025,3.296957545997698
894,3.6793179136250593,4.432028486205376,2.408988293183047,3.316745142212112
895,3.6866639554814773,4.448630295007176,2.412324119982993,3.336926848439424
896,3.6933813036979735,4.464524910578986,2.415782808137426,3.3573559647717155
897,3.699443917333788,4.47934892804687,2.4191796678334967,3.3779039472205628
898,3.7048254305523063,4.492855465641857,2.4222809128166745,3.3984587395272596
899,3.7095116868155857,4.504900522902757,2.424904318475482,3.4189176624748283
900,3.713497131919593,4.515428838968447,2.426981725719968,3.4391838151427354
901,3.716788522568596,4.524462914784691,2.4286044738508856,3.459172297195693
902,3.7193749405431276,4.532151185139406,2.4298029182634044,3.4788837101050385
903,3.7212374343670063,4.538578215969658,2.430659251137495,3.4981812984787712
904,3.72241616819437,4.543948843154347,2.431342360080815,3.517007025965245
905,3.7230895273998947,4.548619097583785,2.4322592211882026,3.5354137975631548
906,3.7232413738607435,4.552774834308691,2.433240431532773,3.5532562070736167
907,3.7229456425486545,4.556698521456348,2.4342684662877074,3.5704864227374427
908,3.7222856028818563,4.560658907036726,2.4353212763303946,3.5870722026839976
909,3.7213456123175055,4.5648869283427596,2.4363816084467107,3.6029987603965394
910,3.7202071156092518,4.569547028714405,2.437422768843503,3.618265153970864
911,3.7189647758203335,4.574741736265876,2.438482561966206,3.632898972280889
912,3.7177628796206323,4.5805422068958945,2.4397801723109036,3.6469320955087157
913,3.7166597001969865,4.58688859184344,2.4413316548616804,3.6604105865713885
914,3.7156949871241345,4.5936606350801155,2.4431574763082864,3.6733806490850744
915,3.7148904651764987,4.600699068139461,2.4452767888498195,3.685887538842436
916,3.7142484439468144,4.607832897998626,2.44771255761343,3.6979737046961016
917,3.713745763972343,4.614900633676369,2.4504943958893732,3.709685850791761
918,3.7133323996169523,4.621766278127496,2.4536665629919887,3.7210738888381805
919,3.7129320287085226,4.628331490414491,2.4572811983790857,3.7321843659098115
920,3.712445876862804,4.6345413251258325,2.4613733852402544,3.743054754351648
921,3.7117602158583396,4.640393806459027,2.465945328919219,3.753711483183968
922,3.710653744401805,4.645928620691403,2.4707891228116377,3.764183579559562
923,3.7091161762801996,4.651335168548239,2.4759693994008387,3.774475864424249
924,3.7070636524685856,4.656868965220944,2.4814175542842705,3.784589615669902
925,3.7044174390806806,4.6628522989345,2.487088692392451,3.794510183684879
926,3.701159483764186,4.669691209261554,2.492920341818635,3.8042280977645575
927,3.6973284876538495,4.6777924693180735,2.4988344198679395,3.8137483793475893
928,3.6929217774989485,4.687355703859652,2.504567663458783,3.8230176158993836
929,3.688116124119532,4.698448663570165,2.510391387210469,3.8320994929283674
930,3.6830833444766786,4.710881260778638,2.516367864033984,3.840982966953977
931,3.6779869326873547,4.724300322647248,2.5225391606209837,3.849669039770287
932,3.6729983572551226,4.738330366471127,2.5290267619204596,3.8581989270915518
933,3.6682923659265847,4.752650379737794,2.535951842224502,3.866632844921231
934,3.6640137848101797,4.767016967872621,2.5434684417228284,3.8750465030223356
935,3.660282739803138,4.781270538745239,2.5517441866013053,3.8835316790900523
936,3.6571874905709434,4.79531338748379,2.560921639428426,3.8921807767346333
937,3.654780646981416,4.8091029809501356,2.5710948328315077,3.9010846618719337
938,3.6530728672588393,4.822642249092261,2.582284544511291,3.91032067610512
939,3.652039061195997,4.835990684597963,2.594466623486489,3.919953059799287
940,3.6516255533565887,4.84927159899344,2.60760996555562,3.930030132765408
941,3.6517580977373902,4.862676038158267,2.6217067139028467,3.9405816523834765
942,3.6523307131611475,4.876459088938989,2.63667584567259,3.9516304224878542
943,3.6532663407816233,4.890909742414324,2.6525397655543324,3.963137262239723
944,3.6544957781680623,4.906317398056526,2.669250408167008,3.975060460866
945,3.6559717253270203,4.922847411606883,2.6867540391224365,3.9873223923583985
946,3.6576820744904,4.940467320984176,2.7049876557427424,3.999813990856472
947,3.659654303649042,4.958907654289634,2.7238577922151688,4.012392694251023
948,3.6619600058930355,4.97770288415529,2.7432767138276914,4.024911451621026
949,3.6647052291565725,4.9962725666190275,2.763162138297409,4.0372247045356895
950,3.668028960576656,5.014013356814832,2.783428174807247,4.049179876852111
951,3.6720967795117447,5.030369578856363,2.803993280884245,4.060636702532663
952,3.677085380086095,5.044864402326142,2.824770499514971,4.071474290181327
953,3.683172061772317,5.0571284912429295,2.845666977948671,4.081624716756552
954,3.6905264203229704,5.066909106022353,2.866596721320086,4.091073268837012
955,3.6993102477422752,5.0740804016195815,2.8874802768152668,4.099861921999382
956,3.709671772859076,5.078646377400705,2.9082439137076577,4.108083308362801
957,3.721749484966296,5.080746193076009,2.9288183091404174,4.115871288218109
958,3.735674538635191,5.08065786652783,2.9491348298970137,4.123383884044434
959,3.751565212868275,5.078802744021128,2.9691250570863414,4.130789753232926
960,3.7695163599650527,5.075730951149525,2.98871718122912,4.138257116220151
961,3.7895695244399374,5.072065457908447,3.0078373574982553,4.1459418602813995
962,3.811616002545414,5.068442176008462,3.026261403909789,4.154024845968517
963,3.8355137073229373,5.065297791182776,3.044118145844502,4.162585403643483
964,3.8608593643487614,5.062821329604373,3.061368993932071,4.1717158928192255
965,3.8870835202019656,5.060911343481707,3.0779799687178895,4.181480857055762
966,3.9135361473778887,5.0592553213846445,3.0939375921321743,4.191921166972038
967,3.939567763679483,5.057443897458702,3.1092425263725634,4.203048522742018
968,3.9645945373900124,5.055067282538695,3.1238955284648386,4.214838120277854
969,3.9881519993860772,5.051779575551295,3.137885724623327,4.227231340211236
970,4.009913608752756,5.047326578224483,3.1512054482472847,4.240132334100583
971,4.029696450336647,5.0415446460460105,3.163873384288988,4.253407764804359
972,4.047482690999781,5.034368569977783,3.17594760534377,4.266889774180211
973,4.063348413134523,5.025800516470985,3.187467627734432,4.280368760341381
974,4.0775002120243276,5.015922588984194,3.1984748885832293,4.293607177229473
975,4.090264926967617,5.004888365990345,3.208999079667638,4.306342760506207
976,4.102099520473134,4.992924145499414,3.2190924704641124,4.318313302437333
977,4.113550562304521,4.980323869069961,3.2288242922906627,4.3292745744401335
978,4.125157698961626,4.9674222595339295,3.238274353316664,4.339014322486401
979,4.137341434880369,4.95458200356197,3.2475308753068615,4.347370121370918
980,4.150288601711544,4.942173903748625,3.2566820174470554,4.354238777167564
981,4.1639062706603065,4.930554874113633,3.2658133418031565,4.359585685669531
982,4.177854962108835,4.920022863216382,3.2749508485508714,4.36343033536493
983,4.191712321306569,4.910846550948354,3.284195905310394,4.365901925516298
984,4.205045647844886,4.90320740209928,3.293613843763231,4.367185711747757
985,4.217501115010713,4.897201719946412,3.3032714885114087,4.36752670401433
986,4.228832908172999,4.892844044202164,3.313235309619218,4.367215715141229
987,4.238907572182489,4.890086457406219,3.3235684915844006,4.366567026723195
988,4.247697178366025,4.888833440112455,3.3343274488704924,4.365897241362972
989,4.255274416684071,4.888959720642103,3.3455533899897945,4.365499359356524
990,4.261816727091777,4.890323502157549,3.357270163698597,4.365627138362491
991,4.26760110565817,4.892775235608952,3.3694826489194423,4.366476010127909
992,4.2730110023630745,4.896171001937478,3.382193702572236,4.36817545799124
993,4.2784895135673695,4.900370235841153,3.3953693451975093,4.370789198087231
994,4.2845325073705185,4.905257242807688,3.4089512361005894,4.374321327536203
995,4.291609748276627,4.9107477870000364,3.422866630795915,4.378737228928481
996,4.300071041634098,4.916797853117522,3.4370230057202735,4.383982116133324
997,4.310054244660045,4.923400717386332,3.4513067512556947,4.389990326269769
998,4.321462165292731,4.9305903139915355,3.4655966671575094,4.396697128484189
999,4.334022857443199,4.93844686856445,3.479769979137072,4.404050810923703
1000,4.347392276153156,4.947101510877769,3.4937138235870475,4.412023998263106
1001,4.361234526281491,4.956718381390583,3.507331578290352,4.420610445146455
1002,4.37525767295911,4.96748358941371,3.520550195509556,4.4298376882681865
1003,4.389223508008856,4.979575040675921,3.533298370441511,4.439736542565952
1004,4.4029362641472165,4.9931459459981244,3.5455168643502257,4.450349919402147
1005,4.416228454176696,5.0082994792099464,3.5571584551393753,4.461727730143235
1006,4.4289512855808795,5.025055476124861,3.568178749592954,4.473914780910996
1007,4.440985998993073,5.0433576765213495,3.5785619249003964,4.486970613408084
1008,4.4522338764304115,5.063046578739662,3.588313057027222,4.500957190229895
1009,4.462620354044918,5.0838575848791745,3.5974608095460785,4.515938412880618
1010,4.4720973907914745,5.105431815281093,3.6060530493739615,4.531975798511173
1011,4.48064582664839,5.127335804880411,3.614151323450839,4.549117057468403
1012,4.488268228361456,5.149083494351741,3.6218117836760304,4.567377617490793
1013,4.494996193002743,5.170195599621326,3.629096670908842,4.586738667685094
1014,4.500887448666141,5.190244161743955,3.636058067455718,4.607132067739969
1015,4.506029852324517,5.208909043151316,3.642741596140723,4.628441589124737
1016,4.5105346943261,5.226009552374671,3.649182889930392,4.650506503823069
1017,4.5145350083326665,5.241521114350283,3.6554103141176943,4.673115336480688
1018,4.518174448366754,5.255564980489484,3.6614397006911155,4.696013200908065
1019,4.521595368444483,5.268391567830299,3.667273553595665,4.718913053124249
1020,4.52495991654544,5.28034721354032,3.6729205734478265,4.741509142012931
1021,4.528426686979264,5.291823885932382,3.6783907964976272,4.763497528227527
1022,4.532148228683771,5.303233936489201,3.683715626812917,4.784627425373922
1023,4.536230609374927,5.314905436754775,3.6889127658714367,4.804684068556723
1024,4.540727436954548,5.3270898939276154,3.6940098646932054,4.823533707879008
1025,4.545636976849052,5.339920356777794,3.699050722556475,4.841103262539248
1026,4.550896597865537,5.353422111865519,3.70409580540073,4.857384503523885
1027,4.556380591766598,5.367532340044811,3.7092054691028054,4.872416664332801
1028,4.561916052033487,5.3821329166347,3.714437052121209,4.886276839983837
1029,4.567300731393005,5.397079413969959,3.719841819099752,4.899071635134247
1030,4.5723290907039855,5.412227502170866,3.725469839585168,4.9109423145753315
1031,4.5768097563926,5.427450324763617,3.731367501899164,4.92206358619839
1032,4.580551458216917,5.442607640390514,3.737552675643714,4.93259658919245
1033,4.5834334646563235,5.457623442560947,3.7440696819381323,4.942755534904759
1034,4.5853813833991595,5.4724536601892755,3.7509540489907844,4.952756030261
1035,4.5863742511280625,5.487092992650288,3.7582315072326766,4.962799512889185
1036,4.586477615752738,5.501569355386923,3.765934411642165,4.9730785949592295
1037,4.585875216319183,5.5159906286151505,3.774112960393873,4.983783237247924
1038,4.584830990119056,5.530449029152397,3.782809189559299,4.99503921626819
1039,4.583704443552894,5.545031121998943,3.7920715714451156,5.006962309997864
1040,4.58293093260972,5.5598080179283125,3.801915410280858,5.019599026977245
1041,4.583000548497326,5.574808097951754,3.8123445110750964,5.032916305278786
1042,4.584376200079101,5.5900382079398785,3.823376620928065,5.04687288613582
1043,4.587322140494431,5.605448990760894,3.834991406250481,5.061371303225775
1044,4.591823634399079,5.6209502477902715,3.847165116081,5.076286066316761
1045,4.59760205920229,5.636441044022422,3.8598607886869956,5.091474196851953
1046,4.604200602196717,5.65182018520464,3.873020058786223,5.106782808549452
1047,4.611125611236033,5.667006862809981,3.8865736764081236,5.122066221549745
1048,4.61794527844122,5.681946364088184,3.9004488095965573,5.137194741498476
1049,4.624336371897746,5.69661427142574,3.9145731255615983,5.152059416747692
1050,4.630081967615578,5.711006567816791,3.928870332671163,5.166567805187725
1051,4.635057896111953,5.725124302030183,3.9432490658372186,5.180641338883851
1052,4.638459752618156,5.738340659148372,3.9572859915736873,5.194095268167148
1053,4.640993379482623,5.751207550529102,3.971156530214316,5.2070228540953085
1054,4.642923262636348,5.76384400597317,3.9848346964796457,5.219433350377648
1055,4.644643788274527,5.77633495272586,3.9981873318480647,5.231195616191048
1056,4.646687355730005,5.788828863838914,4.011281149139824,5.242378904821958
1057,4.649711392805593,5.801538632954424,4.024172095585678,5.253045632047342
1058,4.653907578756861,5.814358335761783,4.036793115373088,5.263315626434931
1059,4.659527214625621,5.827387060771776,4.049036046147162,5.273166582343432
1060,4.66655182825184,5.840762355589838,4.06092779378347,5.2826842347961
1061,4.674463080285587,5.854447341110808,4.072436812326273,5.291956263377208
1062,4.6826258176566515,5.868476666117833,4.083582299944476,5.301122344342327
1063,4.690323273707362,5.882804105858435,4.094345882913885,5.310275332229524
1064,4.696929692123445,5.897384468124726,4.104721900529717,5.319512026809211
1065,4.701891025045114,5.9121173630104575,4.114690809228797,5.328917079222522
1066,4.7048159789357715,5.9269084274298605,4.124234951784289,5.338558286560105
1067,4.705481222946042,5.941661526468715,4.133337433210707,5.348469608020978
1068,4.703848121129267,5.956291897131004,4.1419906973728375,5.358649662141103
1069,4.700073786697658,5.970731402257394,4.150200961345558,5.369061699369225
1070,4.694531701237723,5.984930217927866,4.157980479767618,5.379634804642485
1071,4.687800220525438,5.998852313222901,4.165343723543628,5.390269006619303
1072,4.680633629062865,6.012460467550684,4.172228560588924,5.400803789555639
1073,4.673960841136345,6.025764980256564,4.178682393345597,5.41113164962678
1074,4.668589657478571,6.038710233014884,4.184717864920172,5.421166239957494
1075,4.665286682330968,6.051283297842934,4.190396959440669,5.430785688264518
1076,4.664330834796048,6.063360063226618,4.195690051844753,5.439903834231475
1077,4.665820457361386,6.074937955493836,4.200631802020359,5.448524793369633
1078,4.669564769912471,6.0859202704911715,4.205228009429811,5.456609250796979
1079,4.675206591150976,6.096126029500579,4.209470860050209,5.464081442550808
1080,4.68245750034213,6.105498303140932,4.2133430212110605,5.470980635474382
1081,4.691126125670006,6.114041484467855,4.21692696542312,5.47737182697932
1082,4.700725161644592,6.1215563768033325,4.219940461641018,5.483229802420176
1083,4.71123775450043,6.128155942306468,4.222573949880213,5.48871503538618
1084,4.722522332989704,6.13391725990106,4.224838459575198,5.493942375445535
1085,4.734500037050459,6.138972273405629,4.226758960669742,5.499036904785657
1086,4.747120501638233,6.143489089784046,4.228379374249774,5.504147554292101
1087,4.76044968327967,6.147685145305592,4.229786420668944,5.509415559023685
1088,4.774429108920541,6.151714222428859,4.2309289097914515,5.51493696715764
1089,4.789217161087652,6.155757153130793,4.231925105725723,5.520757312945033
1090,4.804636730469119,6.15987986709081,4.2327135086048635,5.526910540322978
1091,4.820566383784263,6.16416104069078,4.2332361418622755,5.533326032560005
1092,4.837026458963967,6.168777407153048,4.2336122800701315,5.539991386970259
1093,4.853840768796892,6.173802063894415,4.233887833270792,5.546791905277468
1094,4.870697938043262,6.179274041211244,4.23406446026432,5.553618665281899
1095,4.887309462106718,6.185173116774848,4.234130189776306,5.560298078845313
1096,4.903464980756439,6.191510758682564,4.234081909745894,5.566710786877183
1097,4.919096968714752,6.198253613472744,4.2339362863402945,5.5726984712201935
1098,4.934169292828032,6.205285504556463,4.233675750448647,5.578074964603577
1099,4.9487804830244295,6.212508944871464,4.233307511013491,5.582665869837777
1100,4.963097841434205,6.219843144621045,4.232863549382386,5.5863327984482485
1101,4.977297678137344,6.227191665118657,4.232368083791025,5.588935708313077
1102,4.991589044498438,6.234521965694446,4.231861110063141,5.590386940978243
1103,5.006099978508514,6.241729853757555,4.231354948511661,5.5905642170957375
1104,5.020955579908812,6.248795096716569,4.230868247414253,5.589428022760652
1105,5.036264183365013,6.25575481979407,4.230446555130346,5.587019256930135
1106,5.052074083904401,6.262672725391799,4.230101014285519,5.583436864299586
1107,5.068446888753462,6.269691332809414,4.229832430841091,5.578855290832631
1108,5.085392975199654,6.2769693617279065,4.229648364561123,5.573552817642628
1109,5.1028857062778945,6.284685531425406,4.229576800450935,5.567917683764686
1110,5.120872659339765,6.292983295111604,4.22961051148268,5.562329299405018
1111,5.139274311468926,6.3019543212300615,4.229704119068459,5.557112714858294
1112,5.157999140731184,6.311708795173097,4.22987577414862,5.552649738041356
1113,5.176924699586228,6.322279573059227,4.230091032044541,5.549137824629796
1114,5.195922201406581,6.333664324350844,4.230314099259841,5.546656849353558
1115,5.214876198287776,6.345832504184075,4.230514234671726,5.545194773670894
1116,5.233695693034732,6.358711737015616,4.230664125436595,5.54466549269862
1117,5.25233306373008,6.372185341372688,4.230745448580326,5.544915720592204
1118,5.270798929100176,6.386103026928545,4.23073001566788,5.545726483337897
1119,5.289135521646972,6.400260376358986,4.230615583079884,5.546864643260856
1120,5.307425402790999,6.414414192985125,4.230416677558429,5.548095877859034
1121,5.32576990642945,6.4282828762693915,4.230132591441908,5.549185184444618
1122,5.344291780048591,6.441560687736266,4.229779346535161,5.549939027119143
1123,5.363102873854851,6.453930789326019,4.229369770120231,5.550214375758525
1124,5.3823093475893895,6.465090266972164,4.228915607083099,5.549932614529298
1125,5.40200288910957,6.474769653977872,4.22842590110968,5.549080450711663
1126,5.4222588454363825,6.482762272777201,4.227907615762277,5.547714647197178
1127,5.4431420506505575,6.48895381094699,4.227363613986662,5.545955715332576
1128,5.464709866565419,6.493345403503117,4.226794283099759,5.543982704229171
1129,5.486994169195821,6.496063597953348,4.226197068519378,5.542023401593366
1130,5.5099696946693175,6.497348713159718,4.225567690136106,5.540341206487469
